{"IcoMoonType":"selection","icons":[{"icon":{"paths":["M1034.12 366.007l-339.009-48.157-151.952-300.992c-11.349-22.476-51.003-22.476-62.352 0l-151.906 300.992-339.009 48.157c-27.845 3.974-38.964 35.466-19.436 54.054l246.284 234.76-58.217 331.886c-4.641 26.365 25.639 46.149 50.681 33.201l302.801-155.624 302.801 155.666c24.812 12.819 55.368-6.58 50.681-33.201l-58.217-331.886 246.284-234.76c19.528-18.63 8.363-50.123-19.436-54.097v0z"],"attrs":[{"fill":"rgb(243, 150, 0)"}],"isMulticolor":false,"isMulticolor2":false,"grid":0,"tags":["google-review-star"]},"attrs":[{"fill":"rgb(243, 150, 0)"}],"properties":{"order":26,"id":0,"name":"google-review-star","prevSize":32,"code":59649},"setIdx":0,"setId":6,"iconIdx":0},{"icon":{"paths":["M0 398.222h662.588v227.556h-662.588v-227.556z","M481.882 0l542.118 512-180.706 170.667-542.118-512z","M301.176 853.333l542.118-512 180.706 170.667-542.118 512z"],"attrs":[{},{},{}],"isMulticolor":false,"isMulticolor2":false,"grid":0,"tags":["short-arrow-copy (1)"]},"attrs":[{},{},{}],"properties":{"order":24,"id":0,"name":"short-arrow-copy-1","prevSize":32,"code":59648},"setIdx":1,"setId":5,"iconIdx":0},{"icon":{"paths":["M53.662 915.657l269.577-269.576c-51.128-63.126-81.911-143.374-81.911-230.75 0-202.548 164.788-367.336 367.336-367.336s367.335 164.788 367.335 367.336c0 202.548-164.788 367.336-367.336 367.336-87.377 0-167.625-30.778-230.751-81.911l-269.577 269.576c-7.554 7.55-19.792 7.55-27.346 0l-27.336-27.338c-7.55-7.552-7.55-19.794 0.002-27.344zM611.43 710.854c164.484 0 298.285-133.801 298.285-298.285s-133.801-298.285-298.285-298.285c-164.484 0-298.285 133.801-298.285 298.285s133.801 298.285 298.285 298.285z"],"attrs":[{"strokeLinejoin":"miter","strokeLinecap":"butt","strokeMiterlimit":"4","strokeWidth":65.16363636363636}],"isMulticolor":false,"isMulticolor2":false,"grid":0,"tags":["shape"],"colorPermutations":{}},"attrs":[{"strokeLinejoin":"miter","strokeLinecap":"butt","strokeMiterlimit":"4","strokeWidth":65.16363636363636}],"properties":{"order":23,"id":0,"name":"shape","prevSize":32,"code":59661},"setIdx":2,"setId":4,"iconIdx":0},{"icon":{"paths":["M32 512l480 480v-288h512v-384h-512v-288z"],"tags":["arrow-left","left","previous"],"defaultCode":59960,"grid":16,"attrs":[]},"attrs":[],"properties":{"ligatures":"arrow-left, left3","name":"arrow-left","order":20,"id":313,"prevSize":32,"code":59960},"setIdx":5,"setId":1,"iconIdx":312}],"height":1024,"metadata":{"name":"icomoon"},"preferences":{"showGlyphs":true,"showQuickUse":true,"showQuickUse2":true,"showSVGs":true,"fontPref":{"prefix":"icon-","metadata":{"fontFamily":"icomoon","majorVersion":1,"minorVersion":0},"metrics":{"emSize":1024,"baseline":6.25,"whitespace":50},"embed":false,"showSelector":true,"showMetrics":true,"showMetadata":true},"imagePref":{"prefix":"icon-","png":true,"useClassSelector":true,"color":0,"bgColor":16777215,"classSelector":".icon","name":"icomoon"},"historySize":50,"showCodes":false,"gridSize":16,"showLiga":false}}